{
  "evaluation_date": "2025-08-10T16:32:37.538048",
  "model_config": {
    "llm": "qwen/qwen3-32b",
    "embedding": "BAAI/bge-base-en-v1.5",
    "reranking": "rerank-english-v3.0",
    "evaluation_llm": "qwen/qwen3-32b (Groq)",
    "evaluation_embeddings": "BAAI/bge-base-en-v1.5 (Working HF)"
  },
  "metrics": {
    "answer_relevancy": {
      "mean": 0.9788316939051032,
      "std": 0.029936505571866903,
      "min": 0.9576633878102072,
      "max": 0.9999999999999991,
      "count": 2,
      "total": 2
    },
    "context_recall": {
      "mean": 0.5833333333333334,
      "std": 0.3535533905932738,
      "min": 0.3333333333333333,
      "max": 0.8333333333333334,
      "count": 2,
      "total": 2
    },
    "semantic_similarity": {
      "mean": 0.9807769369039099,
      "std": 0.006780373722351639,
      "min": 0.9759824886658559,
      "max": 0.9855713851419637,
      "count": 2,
      "total": 2
    }
  },
  "notes": {
    "rate_limiting": "Some evaluations failed due to Groq rate limits",
    "successful_metrics": [
      "answer_relevancy",
      "context_recall",
      "semantic_similarity"
    ],
    "total_questions": 2
  }
}